CREATE TABLE `alumno`(`Carnet` varchar(11) NOT NULL, `Nombre` varchar(50) NULL, `Apellido` varchar(50) NULL, `Genero` varchar(10) NULL, `FechaNac` date NULL, `Direccion` varchar(100) NULL, `Telefono` varchar(11) NULL, `Activo` int NULL DEFAULT 0, `Foto` varchar(500) NULL, PRIMARY KEY (`Carnet`(11)))CHARACTER SET utf8;
CREATE TABLE `asignatura`(`Id_Asignatura` int NOT NULL AUTO_INCREMENT, `Asignatura` varchar(200) NULL, `Id_Categoria` int NULL, PRIMARY KEY (`Id_Asignatura`))CHARACTER SET utf8;
CREATE TABLE `calificaciones`(`Id_Matricula` int NOT NULL, `Id_Asignatura` int NOT NULL, `Carnet` varchar(11) NOT NULL, `Periodo` int NULL, `EstadoPeriodo` int NOT NULL, `Actividad1` decimal(2,2) NULL DEFAULT 0.00, `Actividad2` decimal(2,2) NULL DEFAULT 0.00, `Actividad3` decimal(2,2) NULL DEFAULT 0.00, `Actividad4` decimal(2,2) NULL DEFAULT 0.00, `PromActividad` decimal(2,2) NULL, `Laboratorio1` decimal(2,2) NULL DEFAULT 0.00, `Laboratorio2` decimal(2,2) NULL DEFAULT 0.00, `PromLaboratorio` decimal(2,2) NULL, `Examen` decimal(2,2) NULL DEFAULT 0.00, `NotaFinal` decimal(2,2) NULL)CHARACTER SET utf8;
CREATE TABLE `categoriaasignatura`(`Id_Categoria` int NOT NULL AUTO_INCREMENT, `Categoria` varchar(20) NULL, `Formativa` int NULL DEFAULT 0, PRIMARY KEY (`Id_Categoria`))CHARACTER SET utf8;
CREATE TABLE `detalleplanescolar`(`Id_DetallePlanEscolar` int NOT NULL AUTO_INCREMENT, `Id_PlanEscolar` int NULL, `Id_Asignatura` int NULL, `Id_Usuario` int NULL, `PorActividad1` decimal(5,2) NULL, `PorActividad2` decimal(5,2) NULL, `PorActividad3` decimal(5,2) NULL, `PorActividad4` decimal(5,2) NULL, `PorLaboratorio1` decimal(5,2) NULL, `PorLaboratorio2` decimal(5,2) NULL, `PorExamen` decimal(5,2) NULL, `NotaMinAprobacion` decimal(5,2) NULL, PRIMARY KEY (`Id_DetallePlanEscolar`))CHARACTER SET utf8;
CREATE TABLE `estadomatricula`(`Id_EstadoMatricula` int NOT NULL AUTO_INCREMENT, `EstadoMatricula` varchar(20) NULL, PRIMARY KEY (`Id_EstadoMatricula`))CHARACTER SET utf8;
CREATE TABLE `grado`(`Id_Grado` int NOT NULL AUTO_INCREMENT, `Grado` varchar(50) NULL, PRIMARY KEY (`Id_Grado`))CHARACTER SET utf8;
CREATE TABLE `matricula`(`Id_Matricula` int NOT NULL AUTO_INCREMENT, `FechMatricula` date NULL, `Carnet` varchar(11) NOT NULL, `Id_PlanEscolar` int NULL, `Estado` int NULL DEFAULT 0, PRIMARY KEY (`Id_Matricula`))CHARACTER SET utf8;
CREATE TABLE `periodo`(`Id_periodo` int NOT NULL AUTO_INCREMENT, `Id_PlanEscolar` int NULL, `Nombre` varchar(20) NULL, `FechaInicio` date NULL, `FechaFin` date NULL, `Activo` int NULL DEFAULT 0, PRIMARY KEY (`Id_periodo`))CHARACTER SET utf8;
CREATE TABLE `permisos`(`Id_Usuario` int NOT NULL, `Pagina` varchar(255) NOT NULL, `Permiso` varchar(6) NOT NULL, PRIMARY KEY (`Id_Usuario`,`Pagina`(50),`Permiso`(6)))CHARACTER SET utf8;
CREATE TABLE `planescolar`(`Id_PlanEscolar` int NOT NULL AUTO_INCREMENT, `CodigoPlan` varchar(20) NULL, `Inicio` date NULL, `Fin` date NULL, `Id_Grado` int NULL, `Id_Seccion` int NULL, `Activo` int NULL DEFAULT 0, PRIMARY KEY (`Id_PlanEscolar`))CHARACTER SET utf8;
CREATE TABLE `seccion`(`Id_Seccion` int NOT NULL AUTO_INCREMENT, `Seccion` varchar(50) NULL, PRIMARY KEY (`Id_Seccion`))CHARACTER SET utf8;
CREATE TABLE `sistemanotas_uggroups`(`GroupID` int NOT NULL AUTO_INCREMENT, `Label` varchar(300) NULL, PRIMARY KEY (`GroupID`))CHARACTER SET utf8;
CREATE TABLE `sistemanotas_ugmembers`(`UserName` varchar(300) NOT NULL, `GroupID` int NOT NULL, PRIMARY KEY (`UserName`(50),`GroupID`))CHARACTER SET utf8;
CREATE TABLE `sistemanotas_ugrights`(`TableName` varchar(300) NOT NULL, `GroupID` int NOT NULL, `AccessMask` varchar(10) NULL, PRIMARY KEY (`TableName`(50),`GroupID`))CHARACTER SET utf8;
CREATE TABLE `tipousuario`(`Id_TipoUsuario` int NOT NULL AUTO_INCREMENT, `TipoUsuario` varchar(20) NULL, PRIMARY KEY (`Id_TipoUsuario`))CHARACTER SET utf8;
CREATE TABLE `usuarios`(`Id_Usuario` int NOT NULL AUTO_INCREMENT, `Usuario` varchar(20) NULL, `Password` varchar(100) NULL, `Nombre` varchar(100) NULL, `Apellido` varchar(100) NULL, `DUI` varchar(20) NULL, `Direccion` varchar(100) NULL, `FechaNac` date NULL, `Telefono` varchar(11) NULL, `Activo` int NULL DEFAULT 0, `Id_TipoUsuario` int NULL, PRIMARY KEY (`Id_Usuario`))CHARACTER SET utf8;
CREATE TABLE `webreport_admin`(`id` int NOT NULL AUTO_INCREMENT, `tablename` varchar(300) NULL, `db_type` varchar(10) NULL, `group_name` varchar(300) NULL, PRIMARY KEY (`id`))CHARACTER SET utf8;
CREATE TABLE `webreport_sql`(`id` int NOT NULL AUTO_INCREMENT, `sqlname` varchar(100) NULL, `sqlcontent` mediumtext NULL, PRIMARY KEY (`id`))CHARACTER SET utf8;
CREATE TABLE `webreport_style`(`report_style_id` int NOT NULL AUTO_INCREMENT, `type` varchar(6) NOT NULL, `field` int NOT NULL, `group` int NOT NULL, `style_str` mediumtext NOT NULL, `uniq` int NULL, `repname` varchar(255) NOT NULL, `styletype` varchar(40) NOT NULL, PRIMARY KEY (`report_style_id`))CHARACTER SET utf8;
CREATE TABLE `webreports`(`rpt_id` int NOT NULL AUTO_INCREMENT, `rpt_name` varchar(100) NOT NULL, `rpt_title` varchar(200) NULL, `rpt_cdate` datetime NOT NULL, `rpt_mdate` datetime NULL, `rpt_content` mediumtext NOT NULL, `rpt_owner` varchar(100) NOT NULL, `rpt_status` varchar(10) NOT NULL DEFAULT 'public', `rpt_type` varchar(10) NOT NULL, PRIMARY KEY (`rpt_id`))CHARACTER SET utf8;
ALTER TABLE `asignatura` ADD FOREIGN KEY (`Id_Categoria`) REFERENCES `categoriaasignatura` (`Id_Categoria`) ON UPDATE NO ACTION ON DELETE NO ACTION;
ALTER TABLE `calificaciones` ADD FOREIGN KEY (`Id_Asignatura`) REFERENCES `asignatura` (`Id_Asignatura`) ON UPDATE NO ACTION ON DELETE NO ACTION;
ALTER TABLE `calificaciones` ADD FOREIGN KEY (`Carnet`) REFERENCES `alumno` (`Carnet`) ON UPDATE NO ACTION ON DELETE NO ACTION;
ALTER TABLE `calificaciones` ADD FOREIGN KEY (`Id_Matricula`) REFERENCES `matricula` (`Id_Matricula`) ON UPDATE NO ACTION ON DELETE NO ACTION;
ALTER TABLE `detalleplanescolar` ADD FOREIGN KEY (`Id_Asignatura`) REFERENCES `asignatura` (`Id_Asignatura`) ON UPDATE NO ACTION ON DELETE NO ACTION;
ALTER TABLE `detalleplanescolar` ADD FOREIGN KEY (`Id_PlanEscolar`) REFERENCES `planescolar` (`Id_PlanEscolar`) ON UPDATE NO ACTION ON DELETE NO ACTION;
ALTER TABLE `detalleplanescolar` ADD FOREIGN KEY (`Id_Usuario`) REFERENCES `usuarios` (`Id_Usuario`) ON UPDATE NO ACTION ON DELETE NO ACTION;
ALTER TABLE `matricula` ADD FOREIGN KEY (`Carnet`) REFERENCES `alumno` (`Carnet`) ON UPDATE NO ACTION ON DELETE NO ACTION;
ALTER TABLE `matricula` ADD FOREIGN KEY (`Estado`) REFERENCES `estadomatricula` (`Id_EstadoMatricula`) ON UPDATE NO ACTION ON DELETE NO ACTION;
ALTER TABLE `matricula` ADD FOREIGN KEY (`Id_PlanEscolar`) REFERENCES `planescolar` (`Id_PlanEscolar`) ON UPDATE NO ACTION ON DELETE NO ACTION;
ALTER TABLE `periodo` ADD FOREIGN KEY (`Id_PlanEscolar`) REFERENCES `planescolar` (`Id_PlanEscolar`) ON UPDATE NO ACTION ON DELETE NO ACTION;
ALTER TABLE `planescolar` ADD FOREIGN KEY (`Id_Grado`) REFERENCES `grado` (`Id_Grado`) ON UPDATE NO ACTION ON DELETE NO ACTION;
ALTER TABLE `planescolar` ADD FOREIGN KEY (`Id_Seccion`) REFERENCES `seccion` (`Id_Seccion`) ON UPDATE NO ACTION ON DELETE NO ACTION;
ALTER TABLE `usuarios` ADD FOREIGN KEY (`Id_TipoUsuario`) REFERENCES `tipousuario` (`Id_TipoUsuario`) ON UPDATE NO ACTION ON DELETE NO ACTION;
SET FOREIGN_KEY_CHECKS = 0;
INSERT INTO `alumno` (`Carnet`,`Nombre`,`Apellido`,`Genero`,`FechaNac`,`Direccion`,`Telefono`,`Activo`,`Foto`) VALUES ('1216535',' Esmeralda Beatriz','Guardado Pérez','FEMENINO','2009-02-12','SOYAPANGO','1234-5693',1,'[{"name":"files\\/alumna1_4ytgvjgd.jpg","usrName":"alumna1 (1).jpg","size":7136,"type":"image\\/jpeg","thumbnail":"files\\/thalumna1_awdhwqu8.jpg","thumbnail_type":"image\\/jpeg","thumbnail_size":4494,"searchStr":"alumna1 (1).jpg,!:sStrEnd"}]');
INSERT INTO `alumno` (`Carnet`,`Nombre`,`Apellido`,`Genero`,`FechaNac`,`Direccion`,`Telefono`,`Activo`,`Foto`) VALUES ('1229381',' Gabriela Alejandra','Guevara Huezo','FEMENINO','2009-02-12','SOYAPANGO','1234-5694',1,'[{"name":"files\\/alumna2_hdozuqp5.jpg","usrName":"alumna2 (1).jpg","size":6344,"type":"image\\/jpeg","thumbnail":"files\\/thalumna2_0xdr13jt.jpg","thumbnail_type":"image\\/jpeg","thumbnail_size":4297,"searchStr":"alumna2 (1).jpg,!:sStrEnd"}]');
INSERT INTO `alumno` (`Carnet`,`Nombre`,`Apellido`,`Genero`,`FechaNac`,`Direccion`,`Telefono`,`Activo`,`Foto`) VALUES ('1235000',' Andrea Lisseth','Deras Rivera','FEMENINO','2009-02-12','SOYAPANGO','1234-5689',1,'[{"name":"files\\/alumna3_byv3jqsi.jpg","usrName":"alumna3 (1).jpg","size":5538,"type":"image\\/jpeg","thumbnail":"files\\/thalumna3_fkb98yim.jpg","thumbnail_type":"image\\/jpeg","thumbnail_size":3712,"searchStr":"alumna3 (1).jpg,!:sStrEnd"}]');
INSERT INTO `alumno` (`Carnet`,`Nombre`,`Apellido`,`Genero`,`FechaNac`,`Direccion`,`Telefono`,`Activo`,`Foto`) VALUES ('1246202',' Liliana Vannesa','Cardona Rivas','FEMENINO','2009-02-12','SOYAPANGO','1234-5686',1,'[{"name":"files\\/alumna5_yeuvkahj.jpg","usrName":"alumna5 (1).jpg","size":4793,"type":"image\\/jpeg","thumbnail":"files\\/thalumna5_vgjkpvnm.jpg","thumbnail_type":"image\\/jpeg","thumbnail_size":3301,"searchStr":"alumna5 (1).jpg,!:sStrEnd"}]');
INSERT INTO `alumno` (`Carnet`,`Nombre`,`Apellido`,`Genero`,`FechaNac`,`Direccion`,`Telefono`,`Activo`,`Foto`) VALUES ('1251090',' Amariany Graciela','Calderón Ayala','FEMENINO','2009-02-12','SOYAPANGO','1234-5684',1,'[{"name":"files\\/alumna6_b3xip7md.jpg","usrName":"alumna6 (1).jpg","size":6221,"type":"image\\/jpeg","thumbnail":"files\\/thalumna6_zn5ufum5.jpg","thumbnail_type":"image\\/jpeg","thumbnail_size":3961,"searchStr":"alumna6 (1).jpg,!:sStrEnd"}]');
INSERT INTO `alumno` (`Carnet`,`Nombre`,`Apellido`,`Genero`,`FechaNac`,`Direccion`,`Telefono`,`Activo`,`Foto`) VALUES ('1754110',' Tiffany Raquel','Rodríguez Colocho','FEMENINO','2009-02-12','SOYAPANGO','1234-5703',1,'[{"name":"files\\/alumna4_9fn5cat1.jpg","usrName":"alumna4.jpg","size":5880,"type":"image\\/jpeg","thumbnail":"files\\/thalumna4_5ojb7o1u.jpg","thumbnail_type":"image\\/jpeg","thumbnail_size":3924,"searchStr":"alumna4.jpg,!:sStrEnd"}]');
INSERT INTO `alumno` (`Carnet`,`Nombre`,`Apellido`,`Genero`,`FechaNac`,`Direccion`,`Telefono`,`Activo`,`Foto`) VALUES ('1758544','Andrea Jisel','Alvarado Galdámez','FEMENINO','2009-02-12','Soyapango','7777-7777',1,'[{"name":"files\\/alumna7_mp156lw1.jpg","usrName":"alumna7.jpg","size":5213,"type":"image\\/jpeg","thumbnail":"files\\/thalumna7_p5e0u1ui.jpg","thumbnail_type":"image\\/jpeg","thumbnail_size":3563,"searchStr":"alumna7.jpg,!:sStrEnd"}]');
INSERT INTO `alumno` (`Carnet`,`Nombre`,`Apellido`,`Genero`,`FechaNac`,`Direccion`,`Telefono`,`Activo`,`Foto`) VALUES ('1758545',' Gabriela Alejandra','Arias Callejas','FEMENINO','2009-02-12','SOYAPANGO','1234-5680',1,'');
INSERT INTO `alumno` (`Carnet`,`Nombre`,`Apellido`,`Genero`,`FechaNac`,`Direccion`,`Telefono`,`Activo`,`Foto`) VALUES ('1758551',' Amanda Gisela','Crespín Vela','FEMENINO','2009-02-12','SOYAPANGO','1234-5688',1,'');
INSERT INTO `alumno` (`Carnet`,`Nombre`,`Apellido`,`Genero`,`FechaNac`,`Direccion`,`Telefono`,`Activo`,`Foto`) VALUES ('1758554',' Rosa Elizabeth','García Cortez','FEMENINO','2009-02-12','SOYAPANGO','1234-5691',1,'');
INSERT INTO `alumno` (`Carnet`,`Nombre`,`Apellido`,`Genero`,`FechaNac`,`Direccion`,`Telefono`,`Activo`,`Foto`) VALUES ('1758558',' Allison Lisbeth','Alfaro Alvarenga','FEMENINO','2009-02-12','SOYAPANGO','1234-5678',1,'');
INSERT INTO `alumno` (`Carnet`,`Nombre`,`Apellido`,`Genero`,`FechaNac`,`Direccion`,`Telefono`,`Activo`,`Foto`) VALUES ('1758560',' Andrea Concepción','Azucena Reyes','FEMENINO','2009-02-12','SOYAPANGO','1234-5681',1,'');
INSERT INTO `alumno` (`Carnet`,`Nombre`,`Apellido`,`Genero`,`FechaNac`,`Direccion`,`Telefono`,`Activo`,`Foto`) VALUES ('1758561',' Xochilt Adriana','Córdova Córdova','FEMENINO','2009-02-12','SOYAPANGO','1234-5687',1,'');
INSERT INTO `alumno` (`Carnet`,`Nombre`,`Apellido`,`Genero`,`FechaNac`,`Direccion`,`Telefono`,`Activo`,`Foto`) VALUES ('1758574',' Andrea Esmeralda','Vásquez Lazo','FEMENINO','2009-02-12','SOYAPANGO','1234-5708',1,'');
INSERT INTO `alumno` (`Carnet`,`Nombre`,`Apellido`,`Genero`,`FechaNac`,`Direccion`,`Telefono`,`Activo`,`Foto`) VALUES ('1758576',' Rocio Guadalupe','Orellana Albanez','FEMENINO','2009-02-12','SOYAPANGO','1234-5698',1,'');
INSERT INTO `alumno` (`Carnet`,`Nombre`,`Apellido`,`Genero`,`FechaNac`,`Direccion`,`Telefono`,`Activo`,`Foto`) VALUES ('1758581',' Fátima Julyssa','Reyes Bermúdez','FEMENINO','2009-02-12','SOYAPANGO','1234-5701',1,'');
INSERT INTO `alumno` (`Carnet`,`Nombre`,`Apellido`,`Genero`,`FechaNac`,`Direccion`,`Telefono`,`Activo`,`Foto`) VALUES ('1758584',' Fátima Elena','Rosa Castillo','FEMENINO','2009-02-12','SOYAPANGO','1234-5704',1,'');
INSERT INTO `alumno` (`Carnet`,`Nombre`,`Apellido`,`Genero`,`FechaNac`,`Direccion`,`Telefono`,`Activo`,`Foto`) VALUES ('1758585',' Krissia Georgina','Saavedra Ortiz','FEMENINO','2009-02-12','SOYAPANGO','1234-5705',1,'');
INSERT INTO `alumno` (`Carnet`,`Nombre`,`Apellido`,`Genero`,`FechaNac`,`Direccion`,`Telefono`,`Activo`,`Foto`) VALUES ('1758589',' Karen Elizabeth','Tejada Ardón','FEMENINO','2009-02-12','SOYAPANGO','1234-5706',1,'');
INSERT INTO `alumno` (`Carnet`,`Nombre`,`Apellido`,`Genero`,`FechaNac`,`Direccion`,`Telefono`,`Activo`,`Foto`) VALUES ('1758881',' Stephanie Giselle','Zetino Martínez','FEMENINO','2009-02-12','SOYAPANGO','1234-5709',1,'');
INSERT INTO `alumno` (`Carnet`,`Nombre`,`Apellido`,`Genero`,`FechaNac`,`Direccion`,`Telefono`,`Activo`,`Foto`) VALUES ('1852171',' Jacqueline Leanne','García Ruiz','FEMENINO','2009-02-12','SOYAPANGO','1234-5692',1,'');
INSERT INTO `alumno` (`Carnet`,`Nombre`,`Apellido`,`Genero`,`FechaNac`,`Direccion`,`Telefono`,`Activo`,`Foto`) VALUES ('1912162',' Gabriela Sofía','Benítez León','FEMENINO','2009-02-12','SOYAPANGO','1234-5682',1,'');
INSERT INTO `alumno` (`Carnet`,`Nombre`,`Apellido`,`Genero`,`FechaNac`,`Direccion`,`Telefono`,`Activo`,`Foto`) VALUES ('2305582',' Carolina Elizabeth','Peña Cruz','FEMENINO','2009-02-12','SOYAPANGO','1234-5699',1,'');
INSERT INTO `alumno` (`Carnet`,`Nombre`,`Apellido`,`Genero`,`FechaNac`,`Direccion`,`Telefono`,`Activo`,`Foto`) VALUES ('2382325',' Karla Vanessa','Valencia Ramos','FEMENINO','2009-02-12','SOYAPANGO','1234-5707',1,'');
INSERT INTO `alumno` (`Carnet`,`Nombre`,`Apellido`,`Genero`,`FechaNac`,`Direccion`,`Telefono`,`Activo`,`Foto`) VALUES ('4469039',' Fátima del Carmen','Hernández Durán','FEMENINO','2009-02-12','SOYAPANGO','1234-5695',1,'');
INSERT INTO `alumno` (`Carnet`,`Nombre`,`Apellido`,`Genero`,`FechaNac`,`Direccion`,`Telefono`,`Activo`,`Foto`) VALUES ('4469192',' Arlette','Bonilla Barahona','FEMENINO','2009-02-12','SOYAPANGO','1234-5683',1,'');
INSERT INTO `alumno` (`Carnet`,`Nombre`,`Apellido`,`Genero`,`FechaNac`,`Direccion`,`Telefono`,`Activo`,`Foto`) VALUES ('4469364',' Kenia Yamileth','López Ramos','FEMENINO','2009-02-12','SOYAPANGO','1234-5696',1,'');
INSERT INTO `alumno` (`Carnet`,`Nombre`,`Apellido`,`Genero`,`FechaNac`,`Direccion`,`Telefono`,`Activo`,`Foto`) VALUES ('4469392',' Karla Nohemy','Díaz Márquez','FEMENINO','2009-02-12','SOYAPANGO','1234-5690',1,'');
INSERT INTO `alumno` (`Carnet`,`Nombre`,`Apellido`,`Genero`,`FechaNac`,`Direccion`,`Telefono`,`Activo`,`Foto`) VALUES ('4469544',' María Alejandra','Márquez Tobias','FEMENINO','2009-02-12','SOYAPANGO','1234-5697',1,'');
INSERT INTO `alumno` (`Carnet`,`Nombre`,`Apellido`,`Genero`,`FechaNac`,`Direccion`,`Telefono`,`Activo`,`Foto`) VALUES ('5358278',' Teresa Lourdes','Renderos Mejía','FEMENINO','2009-02-12','SOYAPANGO','1234-5700',1,'');
INSERT INTO `alumno` (`Carnet`,`Nombre`,`Apellido`,`Genero`,`FechaNac`,`Direccion`,`Telefono`,`Activo`,`Foto`) VALUES ('5819918',' Brisseyda Elizabeth','Campos Alvarez','FEMENINO','2009-02-12','SOYAPANGO','1234-5685',1,'');
INSERT INTO `alumno` (`Carnet`,`Nombre`,`Apellido`,`Genero`,`FechaNac`,`Direccion`,`Telefono`,`Activo`,`Foto`) VALUES ('6691051',' Katherine Nicole','Alfaro Muñoz','FEMENINO','2009-02-12','SOYAPANGO','1234-5679',1,'');
INSERT INTO `alumno` (`Carnet`,`Nombre`,`Apellido`,`Genero`,`FechaNac`,`Direccion`,`Telefono`,`Activo`,`Foto`) VALUES ('6899491',' Diana Jazmín','Rivera Hernández','FEMENINO','2009-02-12','SOYAPANGO','1234-5702',1,'');
SET FOREIGN_KEY_CHECKS = 1;
SET FOREIGN_KEY_CHECKS = 0;
INSERT INTO `asignatura` (`Id_Asignatura`,`Asignatura`,`Id_Categoria`) VALUES (1,'Lenguaje y Literatura',1);
INSERT INTO `asignatura` (`Id_Asignatura`,`Asignatura`,`Id_Categoria`) VALUES (2,'Matématicas',1);
INSERT INTO `asignatura` (`Id_Asignatura`,`Asignatura`,`Id_Categoria`) VALUES (3,'Ciencis Naturales',1);
INSERT INTO `asignatura` (`Id_Asignatura`,`Asignatura`,`Id_Categoria`) VALUES (4,'Estudios Sociales y Civica',1);
INSERT INTO `asignatura` (`Id_Asignatura`,`Asignatura`,`Id_Categoria`) VALUES (5,'Idioma Extranjero (Inglés)',1);
INSERT INTO `asignatura` (`Id_Asignatura`,`Asignatura`,`Id_Categoria`) VALUES (6,'Informática',1);
INSERT INTO `asignatura` (`Id_Asignatura`,`Asignatura`,`Id_Categoria`) VALUES (7,'Orientación para la vida',2);
INSERT INTO `asignatura` (`Id_Asignatura`,`Asignatura`,`Id_Categoria`) VALUES (8,'Seminario',2);
INSERT INTO `asignatura` (`Id_Asignatura`,`Asignatura`,`Id_Categoria`) VALUES (9,'Cultura Religiosa',2);
INSERT INTO `asignatura` (`Id_Asignatura`,`Asignatura`,`Id_Categoria`) VALUES (10,'Tecnología',3);
INSERT INTO `asignatura` (`Id_Asignatura`,`Asignatura`,`Id_Categoria`) VALUES (11,'Práctica',3);
INSERT INTO `asignatura` (`Id_Asignatura`,`Asignatura`,`Id_Categoria`) VALUES (12,'Laboratorio de Creatividad',3);
INSERT INTO `asignatura` (`Id_Asignatura`,`Asignatura`,`Id_Categoria`) VALUES (13,'Respeto a si misma y a los demás',4);
INSERT INTO `asignatura` (`Id_Asignatura`,`Asignatura`,`Id_Categoria`) VALUES (14,'Convivencia armonica y solidaria',4);
INSERT INTO `asignatura` (`Id_Asignatura`,`Asignatura`,`Id_Categoria`) VALUES (15,'Toma de decisiones Responsable',4);
INSERT INTO `asignatura` (`Id_Asignatura`,`Asignatura`,`Id_Categoria`) VALUES (16,'Cumplimiento de deberes y correcto ejercicio de los derechos',4);
INSERT INTO `asignatura` (`Id_Asignatura`,`Asignatura`,`Id_Categoria`) VALUES (17,'Práctica de valores morales y cívicos',4);
SET FOREIGN_KEY_CHECKS = 1;
SET FOREIGN_KEY_CHECKS = 0;
INSERT INTO `calificaciones` (`Id_Matricula`,`Id_Asignatura`,`Carnet`,`Periodo`,`EstadoPeriodo`,`Actividad1`,`Actividad2`,`Actividad3`,`Actividad4`,`PromActividad`,`Laboratorio1`,`Laboratorio2`,`PromLaboratorio`,`Examen`,`NotaFinal`) VALUES (11,1,'1216535',1,0,0.00,0.00,0.00,0.00,NULL,0.00,0.00,NULL,0.00,NULL);
INSERT INTO `calificaciones` (`Id_Matricula`,`Id_Asignatura`,`Carnet`,`Periodo`,`EstadoPeriodo`,`Actividad1`,`Actividad2`,`Actividad3`,`Actividad4`,`PromActividad`,`Laboratorio1`,`Laboratorio2`,`PromLaboratorio`,`Examen`,`NotaFinal`) VALUES (11,1,'1216535',2,0,0.00,0.00,0.00,0.00,NULL,0.00,0.00,NULL,0.00,NULL);
INSERT INTO `calificaciones` (`Id_Matricula`,`Id_Asignatura`,`Carnet`,`Periodo`,`EstadoPeriodo`,`Actividad1`,`Actividad2`,`Actividad3`,`Actividad4`,`PromActividad`,`Laboratorio1`,`Laboratorio2`,`PromLaboratorio`,`Examen`,`NotaFinal`) VALUES (11,1,'1216535',3,0,0.00,0.00,0.00,0.00,NULL,0.00,0.00,NULL,0.00,NULL);
INSERT INTO `calificaciones` (`Id_Matricula`,`Id_Asignatura`,`Carnet`,`Periodo`,`EstadoPeriodo`,`Actividad1`,`Actividad2`,`Actividad3`,`Actividad4`,`PromActividad`,`Laboratorio1`,`Laboratorio2`,`PromLaboratorio`,`Examen`,`NotaFinal`) VALUES (11,2,'1216535',1,0,0.00,0.00,0.00,0.00,NULL,0.00,0.00,NULL,0.00,NULL);
INSERT INTO `calificaciones` (`Id_Matricula`,`Id_Asignatura`,`Carnet`,`Periodo`,`EstadoPeriodo`,`Actividad1`,`Actividad2`,`Actividad3`,`Actividad4`,`PromActividad`,`Laboratorio1`,`Laboratorio2`,`PromLaboratorio`,`Examen`,`NotaFinal`) VALUES (11,2,'1216535',2,0,0.00,0.00,0.00,0.00,NULL,0.00,0.00,NULL,0.00,NULL);
INSERT INTO `calificaciones` (`Id_Matricula`,`Id_Asignatura`,`Carnet`,`Periodo`,`EstadoPeriodo`,`Actividad1`,`Actividad2`,`Actividad3`,`Actividad4`,`PromActividad`,`Laboratorio1`,`Laboratorio2`,`PromLaboratorio`,`Examen`,`NotaFinal`) VALUES (11,2,'1216535',3,0,0.00,0.00,0.00,0.00,NULL,0.00,0.00,NULL,0.00,NULL);
INSERT INTO `calificaciones` (`Id_Matricula`,`Id_Asignatura`,`Carnet`,`Periodo`,`EstadoPeriodo`,`Actividad1`,`Actividad2`,`Actividad3`,`Actividad4`,`PromActividad`,`Laboratorio1`,`Laboratorio2`,`PromLaboratorio`,`Examen`,`NotaFinal`) VALUES (11,3,'1216535',1,0,0.00,0.00,0.00,0.00,NULL,0.00,0.00,NULL,0.00,NULL);
INSERT INTO `calificaciones` (`Id_Matricula`,`Id_Asignatura`,`Carnet`,`Periodo`,`EstadoPeriodo`,`Actividad1`,`Actividad2`,`Actividad3`,`Actividad4`,`PromActividad`,`Laboratorio1`,`Laboratorio2`,`PromLaboratorio`,`Examen`,`NotaFinal`) VALUES (11,3,'1216535',2,0,0.00,0.00,0.00,0.00,NULL,0.00,0.00,NULL,0.00,NULL);
INSERT INTO `calificaciones` (`Id_Matricula`,`Id_Asignatura`,`Carnet`,`Periodo`,`EstadoPeriodo`,`Actividad1`,`Actividad2`,`Actividad3`,`Actividad4`,`PromActividad`,`Laboratorio1`,`Laboratorio2`,`PromLaboratorio`,`Examen`,`NotaFinal`) VALUES (11,3,'1216535',3,0,0.00,0.00,0.00,0.00,NULL,0.00,0.00,NULL,0.00,NULL);
SET FOREIGN_KEY_CHECKS = 1;
SET FOREIGN_KEY_CHECKS = 0;
INSERT INTO `categoriaasignatura` (`Id_Categoria`,`Categoria`,`Formativa`) VALUES (1,'Asignaturas Comunes',0);
INSERT INTO `categoriaasignatura` (`Id_Categoria`,`Categoria`,`Formativa`) VALUES (2,'Area Formativa',0);
INSERT INTO `categoriaasignatura` (`Id_Categoria`,`Categoria`,`Formativa`) VALUES (3,'Area Tecnica',1);
INSERT INTO `categoriaasignatura` (`Id_Categoria`,`Categoria`,`Formativa`) VALUES (4,'Aspectos Formativos',1);
SET FOREIGN_KEY_CHECKS = 1;
SET FOREIGN_KEY_CHECKS = 0;
INSERT INTO `detalleplanescolar` (`Id_DetallePlanEscolar`,`Id_PlanEscolar`,`Id_Asignatura`,`Id_Usuario`,`PorActividad1`,`PorActividad2`,`PorActividad3`,`PorActividad4`,`PorLaboratorio1`,`PorLaboratorio2`,`PorExamen`,`NotaMinAprobacion`) VALUES (2,1,1,3,0.15,0.15,0.10,0.15,0.15,0.15,0.30,7.00);
INSERT INTO `detalleplanescolar` (`Id_DetallePlanEscolar`,`Id_PlanEscolar`,`Id_Asignatura`,`Id_Usuario`,`PorActividad1`,`PorActividad2`,`PorActividad3`,`PorActividad4`,`PorLaboratorio1`,`PorLaboratorio2`,`PorExamen`,`NotaMinAprobacion`) VALUES (3,1,2,3,0.15,0.15,0.10,0.15,0.15,0.15,0.30,7.00);
INSERT INTO `detalleplanescolar` (`Id_DetallePlanEscolar`,`Id_PlanEscolar`,`Id_Asignatura`,`Id_Usuario`,`PorActividad1`,`PorActividad2`,`PorActividad3`,`PorActividad4`,`PorLaboratorio1`,`PorLaboratorio2`,`PorExamen`,`NotaMinAprobacion`) VALUES (4,1,3,2,0.15,0.15,0.10,0.15,0.15,0.15,0.30,7.00);
SET FOREIGN_KEY_CHECKS = 1;
SET FOREIGN_KEY_CHECKS = 0;
INSERT INTO `estadomatricula` (`Id_EstadoMatricula`,`EstadoMatricula`) VALUES (1,'Cursando');
INSERT INTO `estadomatricula` (`Id_EstadoMatricula`,`EstadoMatricula`) VALUES (2,'Aprobada');
INSERT INTO `estadomatricula` (`Id_EstadoMatricula`,`EstadoMatricula`) VALUES (3,'Reprobada');
INSERT INTO `estadomatricula` (`Id_EstadoMatricula`,`EstadoMatricula`) VALUES (4,'Inconclusa');
SET FOREIGN_KEY_CHECKS = 1;
SET FOREIGN_KEY_CHECKS = 0;
INSERT INTO `grado` (`Id_Grado`,`Grado`) VALUES (1,'PREPARATORIA');
INSERT INTO `grado` (`Id_Grado`,`Grado`) VALUES (2,'PRIMER GRADO');
INSERT INTO `grado` (`Id_Grado`,`Grado`) VALUES (3,'SEGUNDO GRADO');
INSERT INTO `grado` (`Id_Grado`,`Grado`) VALUES (4,'TERCER GRADO');
INSERT INTO `grado` (`Id_Grado`,`Grado`) VALUES (5,'CUARTO GRADO');
INSERT INTO `grado` (`Id_Grado`,`Grado`) VALUES (6,'QUINTO GRADO');
INSERT INTO `grado` (`Id_Grado`,`Grado`) VALUES (7,'SEXTO GRADO');
INSERT INTO `grado` (`Id_Grado`,`Grado`) VALUES (8,'SEPTIMO GRADO');
INSERT INTO `grado` (`Id_Grado`,`Grado`) VALUES (9,'OCTAVO GRADO');
INSERT INTO `grado` (`Id_Grado`,`Grado`) VALUES (10,'NOVENO GRADO');
INSERT INTO `grado` (`Id_Grado`,`Grado`) VALUES (11,'I AÑO BACHILLERATO');
INSERT INTO `grado` (`Id_Grado`,`Grado`) VALUES (12,'II AÑO BACHILLERATO');
INSERT INTO `grado` (`Id_Grado`,`Grado`) VALUES (13,'III AÑO BACHILLERATO');
SET FOREIGN_KEY_CHECKS = 1;
SET FOREIGN_KEY_CHECKS = 0;
INSERT INTO `matricula` (`Id_Matricula`,`FechMatricula`,`Carnet`,`Id_PlanEscolar`,`Estado`) VALUES (11,'2018-05-30','1216535',1,1);
SET FOREIGN_KEY_CHECKS = 1;
SET FOREIGN_KEY_CHECKS = 0;
INSERT INTO `permisos` (`Id_Usuario`,`Pagina`,`Permiso`) VALUES (0,'','SELECT');
INSERT INTO `permisos` (`Id_Usuario`,`Pagina`,`Permiso`) VALUES (1,'','ADMIN');
SET FOREIGN_KEY_CHECKS = 1;
SET FOREIGN_KEY_CHECKS = 0;
INSERT INTO `planescolar` (`Id_PlanEscolar`,`CodigoPlan`,`Inicio`,`Fin`,`Id_Grado`,`Id_Seccion`,`Activo`) VALUES (1,'NOVENO-2018','2018-01-18','2018-10-18',10,1,0);
SET FOREIGN_KEY_CHECKS = 1;
SET FOREIGN_KEY_CHECKS = 0;
INSERT INTO `seccion` (`Id_Seccion`,`Seccion`) VALUES (1,'A');
INSERT INTO `seccion` (`Id_Seccion`,`Seccion`) VALUES (2,'B');
INSERT INTO `seccion` (`Id_Seccion`,`Seccion`) VALUES (3,'C');
INSERT INTO `seccion` (`Id_Seccion`,`Seccion`) VALUES (4,'D');
INSERT INTO `seccion` (`Id_Seccion`,`Seccion`) VALUES (5,'E');
SET FOREIGN_KEY_CHECKS = 1;
SET FOREIGN_KEY_CHECKS = 0;
INSERT INTO `sistemanotas_uggroups` (`GroupID`,`Label`) VALUES (1,'Matenimiento');
INSERT INTO `sistemanotas_uggroups` (`GroupID`,`Label`) VALUES (2,'Docente');
INSERT INTO `sistemanotas_uggroups` (`GroupID`,`Label`) VALUES (3,'Administradores');
SET FOREIGN_KEY_CHECKS = 1;
SET FOREIGN_KEY_CHECKS = 0;
INSERT INTO `sistemanotas_ugmembers` (`UserName`,`GroupID`) VALUES ('admin',-1);
INSERT INTO `sistemanotas_ugmembers` (`UserName`,`GroupID`) VALUES ('iris.quijada',2);
INSERT INTO `sistemanotas_ugmembers` (`UserName`,`GroupID`) VALUES ('usuairio1',2);
SET FOREIGN_KEY_CHECKS = 1;
SET FOREIGN_KEY_CHECKS = 0;
INSERT INTO `sistemanotas_ugrights` (`TableName`,`GroupID`,`AccessMask`) VALUES ('admin_members',-1,'ADESPIM');
INSERT INTO `sistemanotas_ugrights` (`TableName`,`GroupID`,`AccessMask`) VALUES ('admin_rights',-1,'ADESPIM');
INSERT INTO `sistemanotas_ugrights` (`TableName`,`GroupID`,`AccessMask`) VALUES ('admin_users',-1,'ADESPIM');
INSERT INTO `sistemanotas_ugrights` (`TableName`,`GroupID`,`AccessMask`) VALUES ('alumno',-1,'ADESPIM');
INSERT INTO `sistemanotas_ugrights` (`TableName`,`GroupID`,`AccessMask`) VALUES ('alumno',3,'AEDSPI');
INSERT INTO `sistemanotas_ugrights` (`TableName`,`GroupID`,`AccessMask`) VALUES ('alumnos_Calificaciones',-1,'ESPI');
INSERT INTO `sistemanotas_ugrights` (`TableName`,`GroupID`,`AccessMask`) VALUES ('alumnos_Calificaciones',2,'SP');
INSERT INTO `sistemanotas_ugrights` (`TableName`,`GroupID`,`AccessMask`) VALUES ('alumnos_Calificaciones',3,'ESPI');
INSERT INTO `sistemanotas_ugrights` (`TableName`,`GroupID`,`AccessMask`) VALUES ('asignatura',-1,'ADESPIM');
INSERT INTO `sistemanotas_ugrights` (`TableName`,`GroupID`,`AccessMask`) VALUES ('asignatura',1,'AEDSPI');
INSERT INTO `sistemanotas_ugrights` (`TableName`,`GroupID`,`AccessMask`) VALUES ('calificaciones',-1,'ADESPIM');
INSERT INTO `sistemanotas_ugrights` (`TableName`,`GroupID`,`AccessMask`) VALUES ('calificaciones',2,'ES');
INSERT INTO `sistemanotas_ugrights` (`TableName`,`GroupID`,`AccessMask`) VALUES ('categoriaasignatura',-1,'ADESPIM');
INSERT INTO `sistemanotas_ugrights` (`TableName`,`GroupID`,`AccessMask`) VALUES ('categoriaasignatura',1,'AEDSPI');
INSERT INTO `sistemanotas_ugrights` (`TableName`,`GroupID`,`AccessMask`) VALUES ('detalleplanescolar',-1,'ADESPIM');
INSERT INTO `sistemanotas_ugrights` (`TableName`,`GroupID`,`AccessMask`) VALUES ('docentes',-1,'ADESPIM');
INSERT INTO `sistemanotas_ugrights` (`TableName`,`GroupID`,`AccessMask`) VALUES ('Formativa',-1,'ESPI');
INSERT INTO `sistemanotas_ugrights` (`TableName`,`GroupID`,`AccessMask`) VALUES ('Formativa',2,'SP');
INSERT INTO `sistemanotas_ugrights` (`TableName`,`GroupID`,`AccessMask`) VALUES ('Formativa',3,'ESPI');
INSERT INTO `sistemanotas_ugrights` (`TableName`,`GroupID`,`AccessMask`) VALUES ('grado',-1,'ADESPIM');
INSERT INTO `sistemanotas_ugrights` (`TableName`,`GroupID`,`AccessMask`) VALUES ('grado',1,'AEDSPI');
INSERT INTO `sistemanotas_ugrights` (`TableName`,`GroupID`,`AccessMask`) VALUES ('matricula',-1,'ADESPIM');
INSERT INTO `sistemanotas_ugrights` (`TableName`,`GroupID`,`AccessMask`) VALUES ('matricula',3,'AEDSPI');
INSERT INTO `sistemanotas_ugrights` (`TableName`,`GroupID`,`AccessMask`) VALUES ('Notas',-1,'ESP');
INSERT INTO `sistemanotas_ugrights` (`TableName`,`GroupID`,`AccessMask`) VALUES ('Notas',2,'ESP');
INSERT INTO `sistemanotas_ugrights` (`TableName`,`GroupID`,`AccessMask`) VALUES ('Notas',3,'ESP');
INSERT INTO `sistemanotas_ugrights` (`TableName`,`GroupID`,`AccessMask`) VALUES ('periodo',-1,'AEDS');
INSERT INTO `sistemanotas_ugrights` (`TableName`,`GroupID`,`AccessMask`) VALUES ('periodo',3,'AEDS');
INSERT INTO `sistemanotas_ugrights` (`TableName`,`GroupID`,`AccessMask`) VALUES ('planescolar',-1,'ADESPIM');
INSERT INTO `sistemanotas_ugrights` (`TableName`,`GroupID`,`AccessMask`) VALUES ('planescolar',3,'AEDSP');
INSERT INTO `sistemanotas_ugrights` (`TableName`,`GroupID`,`AccessMask`) VALUES ('seccion',-1,'ADESPIM');
INSERT INTO `sistemanotas_ugrights` (`TableName`,`GroupID`,`AccessMask`) VALUES ('seccion',1,'AEDSPI');
INSERT INTO `sistemanotas_ugrights` (`TableName`,`GroupID`,`AccessMask`) VALUES ('tipousuario',-1,'ADESPIM');
INSERT INTO `sistemanotas_ugrights` (`TableName`,`GroupID`,`AccessMask`) VALUES ('tipousuario',1,'AEDSPI');
INSERT INTO `sistemanotas_ugrights` (`TableName`,`GroupID`,`AccessMask`) VALUES ('usuarios',-1,'ADESPIM');
INSERT INTO `sistemanotas_ugrights` (`TableName`,`GroupID`,`AccessMask`) VALUES ('usuarios',3,'AEDSPI');
INSERT INTO `sistemanotas_ugrights` (`TableName`,`GroupID`,`AccessMask`) VALUES ('usuarios1',-1,'ADESPIM');
INSERT INTO `sistemanotas_ugrights` (`TableName`,`GroupID`,`AccessMask`) VALUES ('usuarios11',-1,'ADESPIM');
SET FOREIGN_KEY_CHECKS = 1;
SET FOREIGN_KEY_CHECKS = 0;
INSERT INTO `tipousuario` (`Id_TipoUsuario`,`TipoUsuario`) VALUES (1,'DOCENTE');
INSERT INTO `tipousuario` (`Id_TipoUsuario`,`TipoUsuario`) VALUES (2,'ADMINISTRADOR');
INSERT INTO `tipousuario` (`Id_TipoUsuario`,`TipoUsuario`) VALUES (3,'MATENIMIENTO');
SET FOREIGN_KEY_CHECKS = 1;
SET FOREIGN_KEY_CHECKS = 0;
INSERT INTO `usuarios` (`Id_Usuario`,`Usuario`,`Password`,`Nombre`,`Apellido`,`DUI`,`Direccion`,`FechaNac`,`Telefono`,`Activo`,`Id_TipoUsuario`) VALUES (1,'admin','FF078CC3742EA051A5','CARLOS','ESCOBAR','0028579-1','SOYAPANGO','1984-01-03','7502-5060',1,2);
INSERT INTO `usuarios` (`Id_Usuario`,`Usuario`,`Password`,`Nombre`,`Apellido`,`DUI`,`Direccion`,`FechaNac`,`Telefono`,`Activo`,`Id_TipoUsuario`) VALUES (2,'usuairio1','FF2B16D044AF444320','usuatiotest','test','0123445555','soyapango','2007-01-03','1245-6589',1,1);
INSERT INTO `usuarios` (`Id_Usuario`,`Usuario`,`Password`,`Nombre`,`Apellido`,`DUI`,`Direccion`,`FechaNac`,`Telefono`,`Activo`,`Id_TipoUsuario`) VALUES (3,'iris.quijada','FF2B16D044AF444320','Iris','Quijada','133465788-9','Soyapango','1986-03-10','7845-6954',1,1);
SET FOREIGN_KEY_CHECKS = 1;
SET FOREIGN_KEY_CHECKS = 0;
INSERT INTO `webreport_admin` (`id`,`tablename`,`db_type`,`group_name`) VALUES (1,'alumno','db','');
INSERT INTO `webreport_admin` (`id`,`tablename`,`db_type`,`group_name`) VALUES (2,'asignatura','db','');
INSERT INTO `webreport_admin` (`id`,`tablename`,`db_type`,`group_name`) VALUES (3,'calificaciones','db','');
INSERT INTO `webreport_admin` (`id`,`tablename`,`db_type`,`group_name`) VALUES (4,'categoriaasignatura','db','');
INSERT INTO `webreport_admin` (`id`,`tablename`,`db_type`,`group_name`) VALUES (5,'detalleplanescolar','db','');
INSERT INTO `webreport_admin` (`id`,`tablename`,`db_type`,`group_name`) VALUES (6,'grado','db','');
INSERT INTO `webreport_admin` (`id`,`tablename`,`db_type`,`group_name`) VALUES (7,'matricula','db','');
INSERT INTO `webreport_admin` (`id`,`tablename`,`db_type`,`group_name`) VALUES (8,'planescolar','db','');
INSERT INTO `webreport_admin` (`id`,`tablename`,`db_type`,`group_name`) VALUES (9,'seccion','db','');
INSERT INTO `webreport_admin` (`id`,`tablename`,`db_type`,`group_name`) VALUES (10,'tipousuario','db','');
INSERT INTO `webreport_admin` (`id`,`tablename`,`db_type`,`group_name`) VALUES (11,'usuarios','db','');
SET FOREIGN_KEY_CHECKS = 1;
